<?xml version="1.0" encoding="UTF-8"?>
<project-private xmlns="http://www.netbeans.org/ns/project-private/1">
    <editor-bookmarks xmlns="http://www.netbeans.org/ns/editor-bookmarks/2" lastBookmarkId="0"/>
    <open-files xmlns="http://www.netbeans.org/ns/projectui-open-files/2">
        <group>
            <file>file:/home/oracle/labs/11-ArraysLoopsDates/Practices/Practice1/11-ArraysLoopsDates_Practice1/src/utility/GameUtils.java</file>
            <file>file:/home/oracle/labs/11-ArraysLoopsDates/Practices/Practice1/11-ArraysLoopsDates_Practice1/src/soccer/League.java</file>
        </group>
    </open-files>
</project-private>
