<?xml version="1.0" encoding="UTF-8"?>
<project-private xmlns="http://www.netbeans.org/ns/project-private/1">
    <editor-bookmarks xmlns="http://www.netbeans.org/ns/editor-bookmarks/2" lastBookmarkId="0"/>
    <open-files xmlns="http://www.netbeans.org/ns/projectui-open-files/2">
        <group>
            <file>file:/home/oracle/labs/11-ArraysLoopsDates/Solutions/Practice1/11-ArraysLoopsDates_Solution1/src/soccer/League.java</file>
            <file>file:/home/oracle/labs/11-ArraysLoopsDates/Solutions/Practice1/11-ArraysLoopsDates_Solution1/src/soccer/Team.java</file>
            <file>file:/home/oracle/labs/11-ArraysLoopsDates/Solutions/Practice1/11-ArraysLoopsDates_Solution1/src/utility/PlayerDatabase.java</file>
            <file>file:/home/oracle/labs/11-ArraysLoopsDates/Solutions/Practice1/11-ArraysLoopsDates_Solution1/src/soccer/Game.java</file>
        </group>
    </open-files>
</project-private>
